INSERT INTO public."Users" ("Id", "Password", "RegistrationDate", "LastVisitDate", "Group") VALUES (1, 'a665a45920422f9d417e4867efdc4fb8a04a1f3fff1fa07e998e86f7f7a27ae3', 0, 1677688025, 4);
INSERT INTO public."Users" ("Id", "Password", "RegistrationDate", "LastVisitDate", "Group") VALUES (2, 'a665a45920422f9d417e4867efdc4fb8a04a1f3fff1fa07e998e86f7f7a27ae3', 1677683262, 1677683283, 3);

INSERT INTO public."Suppliers" ("Id", "Name") VALUES (1, 'ООО "НВИДИА"');
INSERT INTO public."Suppliers" ("Id", "Name") VALUES (2, 'ООО "Логитек"');
INSERT INTO public."Suppliers" ("Id", "Name") VALUES (3, 'ООО "МСИ"');
INSERT INTO public."Suppliers" ("Id", "Name") VALUES (4, 'ООО "Гигабайт"');

INSERT INTO public."Warehouses" ("Id", "City", "Street", "House", "Zip") VALUES (1, 'Пермь', 'Уральская', '85', 614012);
INSERT INTO public."Warehouses" ("Id", "City", "Street", "House", "Zip") VALUES (2, 'Пермь', 'Попова', '16', 614000);
INSERT INTO public."Warehouses" ("Id", "City", "Street", "House", "Zip") VALUES (3, 'Пермь', 'Революции', '5а', 614048);
INSERT INTO public."Warehouses" ("Id", "City", "Street", "House", "Zip") VALUES (4, 'Пермь', 'Мира', '2', 614032);

INSERT INTO public."DetailTypes" ("Id", "Name") VALUES (1, 'Сокет');
INSERT INTO public."DetailTypes" ("Id", "Name") VALUES (2, 'Год релиза');
INSERT INTO public."DetailTypes" ("Id", "Name") VALUES (3, 'Система охлаждения в комплекте');
INSERT INTO public."DetailTypes" ("Id", "Name") VALUES (4, 'Общее количество ядер');
INSERT INTO public."DetailTypes" ("Id", "Name") VALUES (5, 'Максимальное число потоков');
INSERT INTO public."DetailTypes" ("Id", "Name") VALUES (6, 'Количество производительных ядер');
INSERT INTO public."DetailTypes" ("Id", "Name") VALUES (7, 'Количество энергоэффективных ядер');
INSERT INTO public."DetailTypes" ("Id", "Name") VALUES (8, 'Объем кэша L2');
INSERT INTO public."DetailTypes" ("Id", "Name") VALUES (9, 'Объем кэша L3');
INSERT INTO public."DetailTypes" ("Id", "Name") VALUES (10, 'Техпроцесс');
INSERT INTO public."DetailTypes" ("Id", "Name") VALUES (11, 'Ядро');
INSERT INTO public."DetailTypes" ("Id", "Name") VALUES (12, 'Базовая частота процессора');
INSERT INTO public."DetailTypes" ("Id", "Name") VALUES (13, 'Максимальная частота в турбо режиме');
INSERT INTO public."DetailTypes" ("Id", "Name") VALUES (14, 'Базовая частота энергоэффективных ядер');
INSERT INTO public."DetailTypes" ("Id", "Name") VALUES (15, 'Частота в турбо режиме энергоэффективных ядер');
INSERT INTO public."DetailTypes" ("Id", "Name") VALUES (16, 'Тип памяти');
INSERT INTO public."DetailTypes" ("Id", "Name") VALUES (17, 'Максимально поддерживаемый объем памяти');
INSERT INTO public."DetailTypes" ("Id", "Name") VALUES (18, 'Количество каналов');
INSERT INTO public."DetailTypes" ("Id", "Name") VALUES (19, 'Максимальная частота оперативной памяти');
INSERT INTO public."DetailTypes" ("Id", "Name") VALUES (20, 'Тепловыделение (TDP)');
INSERT INTO public."DetailTypes" ("Id", "Name") VALUES (21, 'Базовое тепловыделение');
INSERT INTO public."DetailTypes" ("Id", "Name") VALUES (22, 'Максимальная температура процессора');
INSERT INTO public."DetailTypes" ("Id", "Name") VALUES (23, 'Встроенный контроллер PCI Express');
INSERT INTO public."DetailTypes" ("Id", "Name") VALUES (24, 'LHR');
INSERT INTO public."DetailTypes" ("Id", "Name") VALUES (25, 'Графический процессор');
INSERT INTO public."DetailTypes" ("Id", "Name") VALUES (26, 'Микроархитектура');
INSERT INTO public."DetailTypes" ("Id", "Name") VALUES (27, 'Объем видеопамяти');
INSERT INTO public."DetailTypes" ("Id", "Name") VALUES (28, 'Разрядность шины памяти');
INSERT INTO public."DetailTypes" ("Id", "Name") VALUES (29, 'Максимальная пропускная способность памяти');
INSERT INTO public."DetailTypes" ("Id", "Name") VALUES (30, 'Эффективная частота памяти');
INSERT INTO public."DetailTypes" ("Id", "Name") VALUES (31, 'Штатная частота работы видеочипа');
INSERT INTO public."DetailTypes" ("Id", "Name") VALUES (32, 'Турбочастота');
INSERT INTO public."DetailTypes" ("Id", "Name") VALUES (33, 'Количество универсальных процессоров (ALU)');
INSERT INTO public."DetailTypes" ("Id", "Name") VALUES (34, 'Число текстурных блоков');
INSERT INTO public."DetailTypes" ("Id", "Name") VALUES (35, 'Число блоков растеризации');
INSERT INTO public."DetailTypes" ("Id", "Name") VALUES (36, 'Поддержка трассировки лучей');
INSERT INTO public."DetailTypes" ("Id", "Name") VALUES (37, 'Аппаратное ускорение трассировки лучей (RT-ядра)');
INSERT INTO public."DetailTypes" ("Id", "Name") VALUES (38, 'Тензорные ядра');
INSERT INTO public."DetailTypes" ("Id", "Name") VALUES (39, 'Версия шейдеров');
INSERT INTO public."DetailTypes" ("Id", "Name") VALUES (40, 'Видеоразъемы');
INSERT INTO public."DetailTypes" ("Id", "Name") VALUES (41, 'Версия HDMI');
INSERT INTO public."DetailTypes" ("Id", "Name") VALUES (42, 'Версия DisplayPort');
INSERT INTO public."DetailTypes" ("Id", "Name") VALUES (43, 'Количество подключаемых одновременно мониторов');
INSERT INTO public."DetailTypes" ("Id", "Name") VALUES (44, 'Максимальное разрешение');
INSERT INTO public."DetailTypes" ("Id", "Name") VALUES (45, 'Интерфейс подключения');
INSERT INTO public."DetailTypes" ("Id", "Name") VALUES (46, 'Форм-фактор разъема подключения');
INSERT INTO public."DetailTypes" ("Id", "Name") VALUES (47, 'Разъемы дополнительного питания');
INSERT INTO public."DetailTypes" ("Id", "Name") VALUES (48, 'Рекомендуемый блок питания');
INSERT INTO public."DetailTypes" ("Id", "Name") VALUES (49, 'Длина видеокарты');
INSERT INTO public."DetailTypes" ("Id", "Name") VALUES (50, 'Ширина видеокарты');
INSERT INTO public."DetailTypes" ("Id", "Name") VALUES (51, 'Толщина видеокарты');
INSERT INTO public."DetailTypes" ("Id", "Name") VALUES (52, 'Подсветка элементов видеокарты');

INSERT INTO public."ComponentTypes" ("Id", "Name") VALUES (1, 'Процессоры');
INSERT INTO public."ComponentTypes" ("Id", "Name") VALUES (2, 'Материнские платы');
INSERT INTO public."ComponentTypes" ("Id", "Name") VALUES (3, 'Видеокарты');
INSERT INTO public."ComponentTypes" ("Id", "Name") VALUES (4, 'Оперативная память');
INSERT INTO public."ComponentTypes" ("Id", "Name") VALUES (5, 'Корпуса');
INSERT INTO public."ComponentTypes" ("Id", "Name") VALUES (6, 'Блоки питания');
INSERT INTO public."ComponentTypes" ("Id", "Name") VALUES (7, 'Кулеры для процессоров');
INSERT INTO public."ComponentTypes" ("Id", "Name") VALUES (8, 'Системы жидкостного охлаждения');
INSERT INTO public."ComponentTypes" ("Id", "Name") VALUES (9, 'Вентиляторы для корпуса');
INSERT INTO public."ComponentTypes" ("Id", "Name") VALUES (10, 'SSD накопители');
INSERT INTO public."ComponentTypes" ("Id", "Name") VALUES (11, 'SSD M.2 накопители');
INSERT INTO public."ComponentTypes" ("Id", "Name") VALUES (12, 'Серверные SSD M.2');
INSERT INTO public."ComponentTypes" ("Id", "Name") VALUES (13, 'Серверные SSD');
INSERT INTO public."ComponentTypes" ("Id", "Name") VALUES (14, 'Жесткие диски 3.5"');
INSERT INTO public."ComponentTypes" ("Id", "Name") VALUES (15, 'Жесткие диски 2.5"');
INSERT INTO public."ComponentTypes" ("Id", "Name") VALUES (16, 'Серверные HDD');

INSERT INTO public."Components" ("Id", "ComponentTypeId", "Name", "Warranty") VALUES (1, 1, 'Intel Core i5-12400F BOX', 12);
INSERT INTO public."Components" ("Id", "ComponentTypeId", "Name", "Warranty") VALUES (2, 3, 'GIGABYTE AMD Radeon RX 6650 XT GAMING OC', 36);
INSERT INTO public."Components" ("Id", "ComponentTypeId", "Name", "Warranty") VALUES (5, 3, 'Palit GeForce RTX 3060 DUAL OC (LHR)', 36);

INSERT INTO public."ComponentStorages" ("Id", "Price", "Amount", "WarehouseId", "ComponentId") VALUES (1, 14699, 13, 1, 1);
INSERT INTO public."ComponentStorages" ("Id", "Price", "Amount", "WarehouseId", "ComponentId") VALUES (2, 17999, 4, 1, 1);
INSERT INTO public."ComponentStorages" ("Id", "Price", "Amount", "WarehouseId", "ComponentId") VALUES (3, 36499, 23, 1, 2);
INSERT INTO public."ComponentStorages" ("Id", "Price", "Amount", "WarehouseId", "ComponentId") VALUES (4, 31990, 6, 2, 2);

INSERT INTO public."ComponentDetails" ("Id", "DetailTypeId", "ComponentId", "Value") VALUES (1, 1, 1, 'LGA 1700');
INSERT INTO public."ComponentDetails" ("Id", "DetailTypeId", "ComponentId", "Value") VALUES (2, 2, 1, '2022');
INSERT INTO public."ComponentDetails" ("Id", "DetailTypeId", "ComponentId", "Value") VALUES (3, 3, 1, 'есть');
INSERT INTO public."ComponentDetails" ("Id", "DetailTypeId", "ComponentId", "Value") VALUES (4, 4, 1, '6');
INSERT INTO public."ComponentDetails" ("Id", "DetailTypeId", "ComponentId", "Value") VALUES (5, 5, 1, '12');
INSERT INTO public."ComponentDetails" ("Id", "DetailTypeId", "ComponentId", "Value") VALUES (6, 6, 1, '6');
INSERT INTO public."ComponentDetails" ("Id", "DetailTypeId", "ComponentId", "Value") VALUES (7, 7, 1, 'нет');
INSERT INTO public."ComponentDetails" ("Id", "DetailTypeId", "ComponentId", "Value") VALUES (8, 8, 1, '7.5 МБ');
INSERT INTO public."ComponentDetails" ("Id", "DetailTypeId", "ComponentId", "Value") VALUES (9, 9, 1, '18 МБ');
INSERT INTO public."ComponentDetails" ("Id", "DetailTypeId", "ComponentId", "Value") VALUES (10, 10, 1, 'Intel 7');
INSERT INTO public."ComponentDetails" ("Id", "DetailTypeId", "ComponentId", "Value") VALUES (11, 11, 1, 'Intel Alder Lake-S');
INSERT INTO public."ComponentDetails" ("Id", "DetailTypeId", "ComponentId", "Value") VALUES (12, 12, 1, '2.5 ГГц');
INSERT INTO public."ComponentDetails" ("Id", "DetailTypeId", "ComponentId", "Value") VALUES (13, 13, 1, '4.4 ГГц');
INSERT INTO public."ComponentDetails" ("Id", "DetailTypeId", "ComponentId", "Value") VALUES (14, 24, 2, 'нет');
INSERT INTO public."ComponentDetails" ("Id", "DetailTypeId", "ComponentId", "Value") VALUES (15, 25, 2, 'Radeon RX 6650 XT');
INSERT INTO public."ComponentDetails" ("Id", "DetailTypeId", "ComponentId", "Value") VALUES (16, 26, 2, 'AMD RDNA 2');
INSERT INTO public."ComponentDetails" ("Id", "DetailTypeId", "ComponentId", "Value") VALUES (17, 10, 2, '7 нм');
INSERT INTO public."ComponentDetails" ("Id", "DetailTypeId", "ComponentId", "Value") VALUES (18, 27, 2, '8 ГБ');
INSERT INTO public."ComponentDetails" ("Id", "DetailTypeId", "ComponentId", "Value") VALUES (19, 16, 2, 'GDDR6');
INSERT INTO public."ComponentDetails" ("Id", "DetailTypeId", "ComponentId", "Value") VALUES (20, 28, 2, '128 бит');
INSERT INTO public."ComponentDetails" ("Id", "DetailTypeId", "ComponentId", "Value") VALUES (21, 31, 2, '2523 МГц');
INSERT INTO public."ComponentDetails" ("Id", "DetailTypeId", "ComponentId", "Value") VALUES (22, 32, 2, '2694 МГц');
INSERT INTO public."ComponentDetails" ("Id", "DetailTypeId", "ComponentId", "Value") VALUES (23, 33, 2, '2048');
INSERT INTO public."ComponentDetails" ("Id", "DetailTypeId", "ComponentId", "Value") VALUES (24, 34, 2, '128');
INSERT INTO public."ComponentDetails" ("Id", "DetailTypeId", "ComponentId", "Value") VALUES (25, 35, 2, '64');
INSERT INTO public."ComponentDetails" ("Id", "DetailTypeId", "ComponentId", "Value") VALUES (26, 36, 2, 'есть');

INSERT INTO public."Configurations" ("Id", "ConfigurationId", "Amount", "ComponentId") VALUES (1, 1, 1, 1);
INSERT INTO public."Configurations" ("Id", "ConfigurationId", "Amount", "ComponentId") VALUES (2, 1, 1, 2);

INSERT INTO public."Supplies" ("Id", "SupplyPrice", "Amount", "Date", "SupplierId", "ComponentId", "WarehouseId") VALUES (2, 15390, 23, 1675327500, 1, 1, 1);
INSERT INTO public."Supplies" ("Id", "SupplyPrice", "Amount", "Date", "SupplierId", "ComponentId", "WarehouseId") VALUES (1, 12380, 19, 1676643300, 2, 1, 1);
INSERT INTO public."Supplies" ("Id", "SupplyPrice", "Amount", "Date", "SupplierId", "ComponentId", "WarehouseId") VALUES (5, 32870, 32, 1675346400, 2, 2, 1);
INSERT INTO public."Supplies" ("Id", "SupplyPrice", "Amount", "Date", "SupplierId", "ComponentId", "WarehouseId") VALUES (3, 33650, 45, 1675296000, 3, 2, 2);

INSERT INTO public."Orders" ("Id", "Date", "Status") VALUES (1, 1675900800, 0);

INSERT INTO public."OrderComponents" ("Id", "Price", "Amount", "IsPartOfConfiguration", "OrderId", "WarehouseId", "ComponentId") VALUES (1, 13890, 2, false, 1, 1, 1);